[{"id":"user-image-kto-takoi-mediator-i-chem-on-otlichaetsja-ot-drugih-specialistov-p.jpg","publicUrl":"np://user.desktop.nicepage.com/Site_164572643/images/kto-takoi-mediator-i-chem-on-otlichaetsja-ot-drugih-specialistov-p.jpg","size":67760,"hash":"tx1muinpi7EVITyw8kSPy55I6yE=","fileName":"kto-takoi-mediator-i-chem-on-otlichaetsja-ot-drugih-specialistov-p.jpg","name":"kto-takoi-mediator-i-chem-on-otlichaetsja-ot-drugih-specialistov-p","width":690,"height":459,"thumbnail":{"url":"np://user.desktop.nicepage.com/Site_164572643/images/thumbnails/kto-takoi-mediator-i-chem-on-otlichaetsja-ot-drugih-specialistov-p.jpg","width":250,"height":166},"folderId":null,"usages":["100405805"]},{"id":"user-image-handschlag_1477717100-1920x1080.jpg","publicUrl":"np://user.desktop.nicepage.com/Site_164572643/images/handschlag_1477717100-1920x1080.jpg","size":207280,"hash":"G6gsdYG40FJ5wkVs0940LJQL5Zg=","fileName":"handschlag_1477717100-1920x1080.jpg","name":"handschlag_1477717100-1920x1080","width":1920,"height":1080,"thumbnail":{"url":"np://user.desktop.nicepage.com/Site_164572643/images/thumbnails/handschlag_1477717100-1920x1080.jpg","width":250,"height":141},"folderId":null,"usages":["100405805"]},{"id":"user-image-Arbitrazh_Mediatsiya.jpg","publicUrl":"np://user.desktop.nicepage.com/Site_164572643/images/Arbitrazh_Mediatsiya.jpg","size":47160,"hash":"zAL2lUwAIauOIEx0TEE1WCJCyow=","fileName":"Arbitrazh_Mediatsiya.jpg","name":"Arbitrazh_Mediatsiya","width":700,"height":392,"thumbnail":{"url":"np://user.desktop.nicepage.com/Site_164572643/images/thumbnails/Arbitrazh_Mediatsiya.jpg","width":250,"height":140},"folderId":null,"usages":["100405805"]},{"id":"user-image-bytwevkq8x8wufwchp2r5yuoa63314yf.webp","publicUrl":"np://user.desktop.nicepage.com/Site_164572643/images/bytwevkq8x8wufwchp2r5yuoa63314yf.webp","size":18154,"hash":"+EOrb0rsNeggPvn4rhgfqRKqGCQ=","fileName":"bytwevkq8x8wufwchp2r5yuoa63314yf.webp","name":"bytwevkq8x8wufwchp2r5yuoa63314yf","width":700,"height":466,"thumbnail":{"url":"np://user.desktop.nicepage.com/Site_164572643/images/thumbnails/bytwevkq8x8wufwchp2r5yuoa63314yf.webp","width":250,"height":166},"folderId":null,"usages":["100405805"]},{"id":"user-image-circ2.png","publicUrl":"np://user.desktop.nicepage.com/Site_164572643/images/circ2.png","size":165980,"hash":"5HMoBb2a03vFV5dj8zW2hzD4Kgw=","fileName":"circ2.png","name":"circ2","width":316,"height":316,"thumbnail":{"url":"np://user.desktop.nicepage.com/Site_164572643/images/thumbnails/circ2.png","width":250,"height":250},"folderId":null,"usages":[]},{"id":"user-image-1517979.png","publicUrl":"np://user.desktop.nicepage.com/Site_164572643/images/1517979.png","size":2897,"hash":"x/d+g1slEysHNRaf459DNCOeHrQ=","fileName":"1517979.png","name":"1517979","width":128,"height":128,"thumbnail":{"url":"np://user.desktop.nicepage.com/Site_164572643/images/thumbnails/1517979.png","width":128,"height":128,"length":2897,"type":"png"},"folderId":null,"usages":["100405805"]},{"id":"user-image-64615.png","publicUrl":"np://user.desktop.nicepage.com/Site_164572643/images/64615.png","size":2115,"hash":"iTXKfFI+8hwGm+/NRbwb4RTfbcs=","fileName":"64615.png","name":"64615","width":128,"height":128,"thumbnail":{"url":"np://user.desktop.nicepage.com/Site_164572643/images/thumbnails/64615.png","width":128,"height":128,"length":2115,"type":"png"},"folderId":null,"usages":["100405805"]},{"id":"user-image-238738437_0_34_2047_1322_1920x0_80_0_0_57ecbcb07cb854c31bc4ed499dda6132.jpg","publicUrl":"np://user.desktop.nicepage.com/Site_164572643/images/238738437_0_34_2047_1322_1920x0_80_0_0_57ecbcb07cb854c31bc4ed499dda6132.jpg","size":209677,"hash":"7q2FRKar6rPPyo+CaytnOYoymLc=","fileName":"238738437_0_34_2047_1322_1920x0_80_0_0_57ecbcb07cb854c31bc4ed499dda6132.jpg","name":"238738437_0_34_2047_1322_1920x0_80_0_0_57ecbcb07cb854c31bc4ed499dda6132","width":1920,"height":1208,"thumbnail":{"url":"np://user.desktop.nicepage.com/Site_164572643/images/thumbnails/238738437_0_34_2047_1322_1920x0_80_0_0_57ecbcb07cb854c31bc4ed499dda6132.jpg","width":250,"height":157},"folderId":null,"usages":["100405805"]},{"id":"user-image-Q7zcreMU3mGReX4FBgIvhBo30uir2c6Mj42fFj5mFY5zLUN2ZDnajxUyMOA.jpeg","publicUrl":"np://user.desktop.nicepage.com/Site_164572643/images/Q7zcreMU3mGReX4FBgIvhBo30uir2c6Mj42fFj5mFY5zLUN2ZDnajxUyMOA.jpeg","size":808902,"hash":"8tPLlVtT1POqj1lmRkK5WuVQxlo=","fileName":"Q7zcreMU3mGReX4FBgIvhBo30uir2c6Mj42fFj5mFY5zLUN2ZDnajxUyMOA.jpeg","name":"Q7zcreMU3mGReX4FBgIvhBo30uir2c6Mj42fFj5mFY5zLUN2ZDnajxUyMOA","width":698,"height":1000,"thumbnail":{"url":"np://user.desktop.nicepage.com/Site_164572643/images/thumbnails/Q7zcreMU3mGReX4FBgIvhBo30uir2c6Mj42fFj5mFY5zLUN2ZDnajxUyMOA.jpeg","width":175,"height":250},"folderId":null,"usages":["100405805"]},{"id":"user-image-zastavki-gas-kvas-com-fjtc-p-zastavki-femida-2.jpg","publicUrl":"np://user.desktop.nicepage.com/Site_164572643/images/zastavki-gas-kvas-com-fjtc-p-zastavki-femida-2.jpg","size":123788,"hash":"zgVm6aWNkku2sLIV7jxel3US0XM=","fileName":"zastavki-gas-kvas-com-fjtc-p-zastavki-femida-2.jpg","name":"zastavki-gas-kvas-com-fjtc-p-zastavki-femida-2","width":1280,"height":835,"thumbnail":{"url":"np://user.desktop.nicepage.com/Site_164572643/images/thumbnails/zastavki-gas-kvas-com-fjtc-p-zastavki-femida-2.jpg","width":250,"height":163},"folderId":null,"usages":["100405805"]},{"id":"user-image-ce131fa2-9b26-4c33-a9f7-aff3357242a7.png","publicUrl":"np://user.desktop.nicepage.com/Site_164572643/images/ce131fa2-9b26-4c33-a9f7-aff3357242a7.png","size":2660,"hash":"0ZspmpJed2V+ls9SdzG0IOu3OBE=","fileName":"ce131fa2-9b26-4c33-a9f7-aff3357242a7.png","name":"ce131fa2-9b26-4c33-a9f7-aff3357242a7","width":128,"height":128,"thumbnail":{"url":"np://user.desktop.nicepage.com/Site_164572643/images/thumbnails/ce131fa2-9b26-4c33-a9f7-aff3357242a7.png","width":128,"height":128,"length":2660,"type":"png"},"folderId":null,"originalUrl":"https://assets.nicepagecdn.com/d2cc3eaa/6411963/images/ce131fa2-9b26-4c33-a9f7-aff3357242a7.png","usages":["100405805"]}]